[{
  "_id": 3,
  "Description": "Energetic",
  "Birthday": "1/1",
  "Image": "/images/golden.jpg",
  "Species": "Dog",
  "Gender": "F",
  "Breed": "German Shepard",
  "Name": "Test",
  "__v": 0
},{
  "_id": 39,
  "Description": "Energetic",
  "Birthday": "4/4",
  "Image": "/images/babygolden.png",
  "Species": "Dog",
  "Gender": "F",
  "Breed": "Golden Retriever",
  "Name": "Lola",
  "__v": 0
},{
  "_id": 723,
  "Description": "Test",
  "Birthday": "3/3",
  "Image": "/images/cat1.jpg",
  "Species": "Cat",
  "Gender": "M",
  "Breed": "Unsure",
  "Name": "Tom",
  "__v": 0
}]